0,Easy,2025-10-05
0,English Words,2025-10-05
0,English Words,2025-10-05
0,English Words,2025-10-05
0,English Words,2025-10-05
0,English Words,2025-10-05
0,English Words,2025-10-05
0,English Words,2025-10-05
0,English Words,2025-10-05
0,English Words,2025-10-05
0,English Words,2025-10-05
0,English Words,2025-10-05
0,English Words,2025-10-05
0,English Words,2025-10-05
20,English Words,2025-10-05
10,English Words,2025-10-05
30,English Words,2025-10-05
0,English Words,2025-10-05
0,English Words,2025-10-05
0,English Words,2025-10-05
0,English Words,2025-10-05
0,English Words,2025-10-05
0,English Words,2025-10-05
0,English Words,2025-10-05
0,English Words,2025-10-05
0,English Words,2025-10-05
0,English Words,2025-10-05
0,English Words,2025-10-05
0,English Words,2025-10-05
80,Easy,2025-10-06
0,Easy,2025-10-06
0,Easy,2025-10-06
0,Easy,2025-10-06
0,Easy,2025-10-06
355,Special,2025-10-06
0,Very Hard,2025-10-06
270,Special,2025-10-06
0,Hard,2025-10-06
